{
  "overall_accuracy": 0.7764306498545102,
  "presence": {
    "precision": 0.9952595936794583,
    "recall": 0.9993200362647325,
    "f1": 0.9972856819724044
  },
  "per_class_6": {
    "0": {
      "precision": 0.9987228607918263,
      "recall": 0.9867507886435332,
      "f1": 0.9927007299270073
    },
    "2": {
      "precision": 1.0,
      "recall": 0.9635157545605307,
      "f1": 0.981418918918919
    },
    "3": {
      "precision": 0.9040404040404041,
      "recall": 0.30033557046979864,
      "f1": 0.4508816120906801
    },
    "4": {
      "precision": 0.7089171974522293,
      "recall": 1.0,
      "f1": 0.8296682817741334
    },
    "5": {
      "precision": 0.9632721202003339,
      "recall": 0.8081232492997199,
      "f1": 0.8789032749428789
    },
    "6": {
      "precision": 0.8905191873589164,
      "recall": 1.0,
      "f1": 0.942089552238806
    }
  },
  "weighted_avg": {
    "precision": 0.9081860349216074,
    "recall": 0.8894444444444445,
    "f1": 0.8755959441645748
  },
  "macro_avg": {
    "precision": 0.9109119616406183,
    "recall": 0.8431208938289304,
    "f1": 0.8459437283154041
  }
}