{
  "overall_accuracy": 0.7166172106824926,
  "per_class": {
    "0": {
      "precision": 1.0,
      "recall": 0.47715736040609136,
      "f1": 0.6460481099656358
    },
    "2": {
      "precision": 0.9736842105263158,
      "recall": 0.9736842105263158,
      "f1": 0.9736842105263158
    },
    "3": {
      "precision": 0.0,
      "recall": 0.0,
      "f1": 0.0
    },
    "4": {
      "precision": 0.4391025641025641,
      "recall": 0.9785714285714285,
      "f1": 0.6061946902654868
    },
    "5": {
      "precision": 0.8775510204081632,
      "recall": 0.9772727272727273,
      "f1": 0.9247311827956989
    },
    "6": {
      "precision": 0.9787234042553191,
      "recall": 0.9292929292929293,
      "f1": 0.9533678756476683
    }
  }
}