{
  "overall_accuracy": 0.9483333333333334,
  "per_class": {
    "0": {
      "precision": 0.9971305595408895,
      "recall": 0.8769716088328076,
      "f1": 0.9331990600872776
    },
    "2": {
      "precision": 0.9931740614334471,
      "recall": 0.9651741293532339,
      "f1": 0.9789739276703112
    },
    "3": {
      "precision": 0.9695945945945946,
      "recall": 0.9630872483221476,
      "f1": 0.9663299663299664
    },
    "4": {
      "precision": 0.9520958083832335,
      "recall": 1.0,
      "f1": 0.9754601226993865
    },
    "5": {
      "precision": 0.7803790412486065,
      "recall": 0.9803921568627451,
      "f1": 0.8690254500310366
    },
    "6": {
      "precision": 1.0,
      "recall": 0.9657794676806084,
      "f1": 0.9825918762088974
    }
  },
  "weighted_avg": {
    "precision": 0.9561273230513148,
    "recall": 0.9483333333333334,
    "f1": 0.9494093938465908
  },
  "macro_avg": {
    "precision": 0.9487290108667952,
    "recall": 0.9585674351752571,
    "f1": 0.950930067171146
  }
}