{
  "overall_accuracy": 0.7774480712166172,
  "per_class": {
    "0": {
      "precision": 1.0,
      "recall": 0.6395939086294417,
      "f1": 0.7801857585139319
    },
    "2": {
      "precision": 1.0,
      "recall": 0.8947368421052632,
      "f1": 0.9444444444444444
    },
    "3": {
      "precision": 0.4666666666666667,
      "recall": 0.0945945945945946,
      "f1": 0.15730337078651685
    },
    "4": {
      "precision": 0.6714975845410628,
      "recall": 0.9928571428571429,
      "f1": 0.8011527377521613
    },
    "5": {
      "precision": 0.5403726708074534,
      "recall": 0.9886363636363636,
      "f1": 0.6987951807228916
    },
    "6": {
      "precision": 1.0,
      "recall": 0.9797979797979798,
      "f1": 0.9897959183673469
    }
  }
}