{
  "overall_accuracy": 0.6646884272997032,
  "per_class": {
    "0": {
      "precision": 1.0,
      "recall": 0.23857868020304568,
      "f1": 0.38524590163934425
    },
    "2": {
      "precision": 0.9863013698630136,
      "recall": 0.9473684210526315,
      "f1": 0.9664429530201343
    },
    "3": {
      "precision": 0.7142857142857143,
      "recall": 0.06756756756756757,
      "f1": 0.12345679012345678
    },
    "4": {
      "precision": 0.6587677725118484,
      "recall": 0.9928571428571429,
      "f1": 0.792022792022792
    },
    "5": {
      "precision": 0.36554621848739494,
      "recall": 0.9886363636363636,
      "f1": 0.5337423312883436
    },
    "6": {
      "precision": 1.0,
      "recall": 0.98989898989899,
      "f1": 0.9949238578680203
    }
  }
}