{
  "overall_accuracy": 0.7844444444444445,
  "per_class": {
    "0": {
      "precision": 0.9976798143851509,
      "recall": 0.5425867507886435,
      "f1": 0.7029015120555783
    },
    "2": {
      "precision": 0.9932318104906938,
      "recall": 0.9734660033167496,
      "f1": 0.983249581239531
    },
    "3": {
      "precision": 0.968609865470852,
      "recall": 0.7248322147651006,
      "f1": 0.8291746641074856
    },
    "4": {
      "precision": 0.6327458783399659,
      "recall": 1.0,
      "f1": 0.7750696378830083
    },
    "5": {
      "precision": 0.5710594315245479,
      "recall": 0.9285714285714286,
      "f1": 0.7072
    },
    "6": {
      "precision": 1.0,
      "recall": 0.7363751584283904,
      "f1": 0.8481751824817518
    }
  }
}