{
  "overall_accuracy": 0.9557011795543906,
  "per_class": {
    "2": {
      "precision": 1.0,
      "recall": 0.9933665008291874,
      "f1": 0.9966722129783694
    },
    "3": {
      "precision": 0.9910714285714286,
      "recall": 0.7449664429530202,
      "f1": 0.8505747126436781
    },
    "4": {
      "precision": 0.9981981981981982,
      "recall": 0.995507637017071,
      "f1": 0.99685110211426
    },
    "5": {
      "precision": 0.814139110604333,
      "recall": 1.0,
      "f1": 0.8975487115021998
    },
    "6": {
      "precision": 1.0,
      "recall": 0.9898605830164765,
      "f1": 0.9949044585987261
    }
  },
  "weighted_avg": {
    "precision": 0.9632944930523355,
    "recall": 0.9557011795543906,
    "f1": 0.9549831055469793
  },
  "macro_avg": {
    "precision": 0.9606817474747918,
    "recall": 0.944740232763151,
    "f1": 0.9473102395674466
  }
}