{
  "overall_accuracy": 0.8419010669253152,
  "presence": {
    "precision": 0.9952595936794583,
    "recall": 0.9993200362647325,
    "f1": 0.9972856819724044
  },
  "per_class_6": {
    "0": {
      "precision": 0.9987228607918263,
      "recall": 0.9867507886435332,
      "f1": 0.9927007299270073
    },
    "2": {
      "precision": 0.978688524590164,
      "recall": 0.9900497512437811,
      "f1": 0.9843363561417972
    },
    "3": {
      "precision": 0.9910714285714286,
      "recall": 0.7449664429530202,
      "f1": 0.8505747126436781
    },
    "4": {
      "precision": 0.9972997299729973,
      "recall": 0.995507637017071,
      "f1": 0.9964028776978417
    },
    "5": {
      "precision": 0.8076923076923077,
      "recall": 1.0,
      "f1": 0.8936170212765957
    },
    "6": {
      "precision": 1.0,
      "recall": 0.9898605830164765,
      "f1": 0.9949044585987261
    }
  },
  "weighted_avg": {
    "precision": 0.9702759987525441,
    "recall": 0.9644444444444444,
    "f1": 0.9640641819124118
  },
  "macro_avg": {
    "precision": 0.9622458086031207,
    "recall": 0.9511892004789804,
    "f1": 0.952089359380941
  }
}